Filename,Key,BPM,GritConstant,SlideMagnitude,Author
Blues_E_Minor_65_0.4_2000.mid,E_Minor,65,0.4,2000,Nick Panek
Blues_E_Minor_65_0.4_4000.mid,E_Minor,65,0.4,4000,Nick Panek
Blues_E_Minor_65_0.4_8000.mid,E_Minor,65,0.4,8000,Nick Panek
Blues_E_Minor_65_0.7_2000.mid,E_Minor,65,0.7,2000,Nick Panek
Blues_E_Minor_65_0.7_4000.mid,E_Minor,65,0.7,4000,Nick Panek
Blues_E_Minor_65_0.7_8000.mid,E_Minor,65,0.7,8000,Nick Panek
Blues_E_Minor_65_0.95_2000.mid,E_Minor,65,0.95,2000,Nick Panek
Blues_E_Minor_65_0.95_4000.mid,E_Minor,65,0.95,4000,Nick Panek
Blues_E_Minor_65_0.95_8000.mid,E_Minor,65,0.95,8000,Nick Panek
Blues_E_Minor_67_0.4_2000.mid,E_Minor,67,0.4,2000,Nick Panek
Blues_E_Minor_67_0.4_4000.mid,E_Minor,67,0.4,4000,Nick Panek
Blues_E_Minor_67_0.4_8000.mid,E_Minor,67,0.4,8000,Nick Panek
Blues_E_Minor_67_0.7_2000.mid,E_Minor,67,0.7,2000,Nick Panek
Blues_E_Minor_67_0.7_4000.mid,E_Minor,67,0.7,4000,Nick Panek
Blues_E_Minor_67_0.7_8000.mid,E_Minor,67,0.7,8000,Nick Panek
Blues_E_Minor_67_0.95_2000.mid,E_Minor,67,0.95,2000,Nick Panek
Blues_E_Minor_67_0.95_4000.mid,E_Minor,67,0.95,4000,Nick Panek
Blues_E_Minor_67_0.95_8000.mid,E_Minor,67,0.95,8000,Nick Panek
Blues_E_Minor_69_0.4_2000.mid,E_Minor,69,0.4,2000,Nick Panek
Blues_E_Minor_69_0.4_4000.mid,E_Minor,69,0.4,4000,Nick Panek
Blues_E_Minor_69_0.4_8000.mid,E_Minor,69,0.4,8000,Nick Panek
Blues_E_Minor_69_0.7_2000.mid,E_Minor,69,0.7,2000,Nick Panek
Blues_E_Minor_69_0.7_4000.mid,E_Minor,69,0.7,4000,Nick Panek
Blues_E_Minor_69_0.7_8000.mid,E_Minor,69,0.7,8000,Nick Panek
Blues_E_Minor_69_0.95_2000.mid,E_Minor,69,0.95,2000,Nick Panek
Blues_E_Minor_69_0.95_4000.mid,E_Minor,69,0.95,4000,Nick Panek
Blues_E_Minor_69_0.95_8000.mid,E_Minor,69,0.95,8000,Nick Panek
Blues_E_Minor_71_0.4_2000.mid,E_Minor,71,0.4,2000,Nick Panek
Blues_E_Minor_71_0.4_4000.mid,E_Minor,71,0.4,4000,Nick Panek
Blues_E_Minor_71_0.4_8000.mid,E_Minor,71,0.4,8000,Nick Panek
Blues_E_Minor_71_0.7_2000.mid,E_Minor,71,0.7,2000,Nick Panek
Blues_E_Minor_71_0.7_4000.mid,E_Minor,71,0.7,4000,Nick Panek
Blues_E_Minor_71_0.7_8000.mid,E_Minor,71,0.7,8000,Nick Panek
Blues_E_Minor_71_0.95_2000.mid,E_Minor,71,0.95,2000,Nick Panek
Blues_E_Minor_71_0.95_4000.mid,E_Minor,71,0.95,4000,Nick Panek
Blues_E_Minor_71_0.95_8000.mid,E_Minor,71,0.95,8000,Nick Panek
Blues_E_Minor_73_0.4_2000.mid,E_Minor,73,0.4,2000,Nick Panek
Blues_E_Minor_73_0.4_4000.mid,E_Minor,73,0.4,4000,Nick Panek
Blues_E_Minor_73_0.4_8000.mid,E_Minor,73,0.4,8000,Nick Panek
Blues_E_Minor_73_0.7_2000.mid,E_Minor,73,0.7,2000,Nick Panek
Blues_E_Minor_73_0.7_4000.mid,E_Minor,73,0.7,4000,Nick Panek
Blues_E_Minor_73_0.7_8000.mid,E_Minor,73,0.7,8000,Nick Panek
Blues_E_Minor_73_0.95_2000.mid,E_Minor,73,0.95,2000,Nick Panek
Blues_E_Minor_73_0.95_4000.mid,E_Minor,73,0.95,4000,Nick Panek
Blues_E_Minor_73_0.95_8000.mid,E_Minor,73,0.95,8000,Nick Panek
Blues_E_Minor_75_0.4_2000.mid,E_Minor,75,0.4,2000,Nick Panek
Blues_E_Minor_75_0.4_4000.mid,E_Minor,75,0.4,4000,Nick Panek
Blues_E_Minor_75_0.4_8000.mid,E_Minor,75,0.4,8000,Nick Panek
Blues_E_Minor_75_0.7_2000.mid,E_Minor,75,0.7,2000,Nick Panek
Blues_E_Minor_75_0.7_4000.mid,E_Minor,75,0.7,4000,Nick Panek
Blues_E_Minor_75_0.7_8000.mid,E_Minor,75,0.7,8000,Nick Panek
Blues_E_Minor_75_0.95_2000.mid,E_Minor,75,0.95,2000,Nick Panek
Blues_E_Minor_75_0.95_4000.mid,E_Minor,75,0.95,4000,Nick Panek
Blues_E_Minor_75_0.95_8000.mid,E_Minor,75,0.95,8000,Nick Panek
Blues_E_Minor_77_0.4_2000.mid,E_Minor,77,0.4,2000,Nick Panek
Blues_E_Minor_77_0.4_4000.mid,E_Minor,77,0.4,4000,Nick Panek
Blues_E_Minor_77_0.4_8000.mid,E_Minor,77,0.4,8000,Nick Panek
Blues_E_Minor_77_0.7_2000.mid,E_Minor,77,0.7,2000,Nick Panek
Blues_E_Minor_77_0.7_4000.mid,E_Minor,77,0.7,4000,Nick Panek
Blues_E_Minor_77_0.7_8000.mid,E_Minor,77,0.7,8000,Nick Panek
Blues_E_Minor_77_0.95_2000.mid,E_Minor,77,0.95,2000,Nick Panek
Blues_E_Minor_77_0.95_4000.mid,E_Minor,77,0.95,4000,Nick Panek
Blues_E_Minor_77_0.95_8000.mid,E_Minor,77,0.95,8000,Nick Panek
Blues_E_Minor_79_0.4_2000.mid,E_Minor,79,0.4,2000,Nick Panek
Blues_E_Minor_79_0.4_4000.mid,E_Minor,79,0.4,4000,Nick Panek
Blues_E_Minor_79_0.4_8000.mid,E_Minor,79,0.4,8000,Nick Panek
Blues_E_Minor_79_0.7_2000.mid,E_Minor,79,0.7,2000,Nick Panek
Blues_E_Minor_79_0.7_4000.mid,E_Minor,79,0.7,4000,Nick Panek
Blues_E_Minor_79_0.7_8000.mid,E_Minor,79,0.7,8000,Nick Panek
Blues_E_Minor_79_0.95_2000.mid,E_Minor,79,0.95,2000,Nick Panek
Blues_E_Minor_79_0.95_4000.mid,E_Minor,79,0.95,4000,Nick Panek
Blues_E_Minor_79_0.95_8000.mid,E_Minor,79,0.95,8000,Nick Panek
Blues_E_Minor_81_0.4_2000.mid,E_Minor,81,0.4,2000,Nick Panek
Blues_E_Minor_81_0.4_4000.mid,E_Minor,81,0.4,4000,Nick Panek
Blues_E_Minor_81_0.4_8000.mid,E_Minor,81,0.4,8000,Nick Panek
Blues_E_Minor_81_0.7_2000.mid,E_Minor,81,0.7,2000,Nick Panek
Blues_E_Minor_81_0.7_4000.mid,E_Minor,81,0.7,4000,Nick Panek
Blues_E_Minor_81_0.7_8000.mid,E_Minor,81,0.7,8000,Nick Panek
Blues_E_Minor_81_0.95_2000.mid,E_Minor,81,0.95,2000,Nick Panek
Blues_E_Minor_81_0.95_4000.mid,E_Minor,81,0.95,4000,Nick Panek
Blues_E_Minor_81_0.95_8000.mid,E_Minor,81,0.95,8000,Nick Panek
Blues_E_Minor_83_0.4_2000.mid,E_Minor,83,0.4,2000,Nick Panek
Blues_E_Minor_83_0.4_4000.mid,E_Minor,83,0.4,4000,Nick Panek
Blues_E_Minor_83_0.4_8000.mid,E_Minor,83,0.4,8000,Nick Panek
Blues_E_Minor_83_0.7_2000.mid,E_Minor,83,0.7,2000,Nick Panek
Blues_E_Minor_83_0.7_4000.mid,E_Minor,83,0.7,4000,Nick Panek
Blues_E_Minor_83_0.7_8000.mid,E_Minor,83,0.7,8000,Nick Panek
Blues_E_Minor_83_0.95_2000.mid,E_Minor,83,0.95,2000,Nick Panek
Blues_E_Minor_83_0.95_4000.mid,E_Minor,83,0.95,4000,Nick Panek
Blues_E_Minor_83_0.95_8000.mid,E_Minor,83,0.95,8000,Nick Panek
Blues_E_Minor_85_0.4_2000.mid,E_Minor,85,0.4,2000,Nick Panek
Blues_E_Minor_85_0.4_4000.mid,E_Minor,85,0.4,4000,Nick Panek
Blues_E_Minor_85_0.4_8000.mid,E_Minor,85,0.4,8000,Nick Panek
Blues_E_Minor_85_0.7_2000.mid,E_Minor,85,0.7,2000,Nick Panek
Blues_E_Minor_85_0.7_4000.mid,E_Minor,85,0.7,4000,Nick Panek
Blues_E_Minor_85_0.7_8000.mid,E_Minor,85,0.7,8000,Nick Panek
Blues_E_Minor_85_0.95_2000.mid,E_Minor,85,0.95,2000,Nick Panek
Blues_E_Minor_85_0.95_4000.mid,E_Minor,85,0.95,4000,Nick Panek
Blues_E_Minor_85_0.95_8000.mid,E_Minor,85,0.95,8000,Nick Panek
Blues_A_Minor_65_0.4_2000.mid,A_Minor,65,0.4,2000,Nick Panek
Blues_A_Minor_65_0.4_4000.mid,A_Minor,65,0.4,4000,Nick Panek
Blues_A_Minor_65_0.4_8000.mid,A_Minor,65,0.4,8000,Nick Panek
Blues_A_Minor_65_0.7_2000.mid,A_Minor,65,0.7,2000,Nick Panek
Blues_A_Minor_65_0.7_4000.mid,A_Minor,65,0.7,4000,Nick Panek
Blues_A_Minor_65_0.7_8000.mid,A_Minor,65,0.7,8000,Nick Panek
Blues_A_Minor_65_0.95_2000.mid,A_Minor,65,0.95,2000,Nick Panek
Blues_A_Minor_65_0.95_4000.mid,A_Minor,65,0.95,4000,Nick Panek
Blues_A_Minor_65_0.95_8000.mid,A_Minor,65,0.95,8000,Nick Panek
Blues_A_Minor_67_0.4_2000.mid,A_Minor,67,0.4,2000,Nick Panek
Blues_A_Minor_67_0.4_4000.mid,A_Minor,67,0.4,4000,Nick Panek
Blues_A_Minor_67_0.4_8000.mid,A_Minor,67,0.4,8000,Nick Panek
Blues_A_Minor_67_0.7_2000.mid,A_Minor,67,0.7,2000,Nick Panek
Blues_A_Minor_67_0.7_4000.mid,A_Minor,67,0.7,4000,Nick Panek
Blues_A_Minor_67_0.7_8000.mid,A_Minor,67,0.7,8000,Nick Panek
Blues_A_Minor_67_0.95_2000.mid,A_Minor,67,0.95,2000,Nick Panek
Blues_A_Minor_67_0.95_4000.mid,A_Minor,67,0.95,4000,Nick Panek
Blues_A_Minor_67_0.95_8000.mid,A_Minor,67,0.95,8000,Nick Panek
Blues_A_Minor_69_0.4_2000.mid,A_Minor,69,0.4,2000,Nick Panek
Blues_A_Minor_69_0.4_4000.mid,A_Minor,69,0.4,4000,Nick Panek
Blues_A_Minor_69_0.4_8000.mid,A_Minor,69,0.4,8000,Nick Panek
Blues_A_Minor_69_0.7_2000.mid,A_Minor,69,0.7,2000,Nick Panek
Blues_A_Minor_69_0.7_4000.mid,A_Minor,69,0.7,4000,Nick Panek
Blues_A_Minor_69_0.7_8000.mid,A_Minor,69,0.7,8000,Nick Panek
Blues_A_Minor_69_0.95_2000.mid,A_Minor,69,0.95,2000,Nick Panek
Blues_A_Minor_69_0.95_4000.mid,A_Minor,69,0.95,4000,Nick Panek
Blues_A_Minor_69_0.95_8000.mid,A_Minor,69,0.95,8000,Nick Panek
Blues_A_Minor_71_0.4_2000.mid,A_Minor,71,0.4,2000,Nick Panek
Blues_A_Minor_71_0.4_4000.mid,A_Minor,71,0.4,4000,Nick Panek
Blues_A_Minor_71_0.4_8000.mid,A_Minor,71,0.4,8000,Nick Panek
Blues_A_Minor_71_0.7_2000.mid,A_Minor,71,0.7,2000,Nick Panek
Blues_A_Minor_71_0.7_4000.mid,A_Minor,71,0.7,4000,Nick Panek
Blues_A_Minor_71_0.7_8000.mid,A_Minor,71,0.7,8000,Nick Panek
Blues_A_Minor_71_0.95_2000.mid,A_Minor,71,0.95,2000,Nick Panek
Blues_A_Minor_71_0.95_4000.mid,A_Minor,71,0.95,4000,Nick Panek
Blues_A_Minor_71_0.95_8000.mid,A_Minor,71,0.95,8000,Nick Panek
Blues_A_Minor_73_0.4_2000.mid,A_Minor,73,0.4,2000,Nick Panek
Blues_A_Minor_73_0.4_4000.mid,A_Minor,73,0.4,4000,Nick Panek
Blues_A_Minor_73_0.4_8000.mid,A_Minor,73,0.4,8000,Nick Panek
Blues_A_Minor_73_0.7_2000.mid,A_Minor,73,0.7,2000,Nick Panek
Blues_A_Minor_73_0.7_4000.mid,A_Minor,73,0.7,4000,Nick Panek
Blues_A_Minor_73_0.7_8000.mid,A_Minor,73,0.7,8000,Nick Panek
Blues_A_Minor_73_0.95_2000.mid,A_Minor,73,0.95,2000,Nick Panek
Blues_A_Minor_73_0.95_4000.mid,A_Minor,73,0.95,4000,Nick Panek
Blues_A_Minor_73_0.95_8000.mid,A_Minor,73,0.95,8000,Nick Panek
Blues_A_Minor_75_0.4_2000.mid,A_Minor,75,0.4,2000,Nick Panek
Blues_A_Minor_75_0.4_4000.mid,A_Minor,75,0.4,4000,Nick Panek
Blues_A_Minor_75_0.4_8000.mid,A_Minor,75,0.4,8000,Nick Panek
Blues_A_Minor_75_0.7_2000.mid,A_Minor,75,0.7,2000,Nick Panek
Blues_A_Minor_75_0.7_4000.mid,A_Minor,75,0.7,4000,Nick Panek
Blues_A_Minor_75_0.7_8000.mid,A_Minor,75,0.7,8000,Nick Panek
Blues_A_Minor_75_0.95_2000.mid,A_Minor,75,0.95,2000,Nick Panek
Blues_A_Minor_75_0.95_4000.mid,A_Minor,75,0.95,4000,Nick Panek
Blues_A_Minor_75_0.95_8000.mid,A_Minor,75,0.95,8000,Nick Panek
Blues_A_Minor_77_0.4_2000.mid,A_Minor,77,0.4,2000,Nick Panek
Blues_A_Minor_77_0.4_4000.mid,A_Minor,77,0.4,4000,Nick Panek
Blues_A_Minor_77_0.4_8000.mid,A_Minor,77,0.4,8000,Nick Panek
Blues_A_Minor_77_0.7_2000.mid,A_Minor,77,0.7,2000,Nick Panek
Blues_A_Minor_77_0.7_4000.mid,A_Minor,77,0.7,4000,Nick Panek
Blues_A_Minor_77_0.7_8000.mid,A_Minor,77,0.7,8000,Nick Panek
Blues_A_Minor_77_0.95_2000.mid,A_Minor,77,0.95,2000,Nick Panek
Blues_A_Minor_77_0.95_4000.mid,A_Minor,77,0.95,4000,Nick Panek
Blues_A_Minor_77_0.95_8000.mid,A_Minor,77,0.95,8000,Nick Panek
Blues_A_Minor_79_0.4_2000.mid,A_Minor,79,0.4,2000,Nick Panek
Blues_A_Minor_79_0.4_4000.mid,A_Minor,79,0.4,4000,Nick Panek
Blues_A_Minor_79_0.4_8000.mid,A_Minor,79,0.4,8000,Nick Panek
Blues_A_Minor_79_0.7_2000.mid,A_Minor,79,0.7,2000,Nick Panek
Blues_A_Minor_79_0.7_4000.mid,A_Minor,79,0.7,4000,Nick Panek
Blues_A_Minor_79_0.7_8000.mid,A_Minor,79,0.7,8000,Nick Panek
Blues_A_Minor_79_0.95_2000.mid,A_Minor,79,0.95,2000,Nick Panek
Blues_A_Minor_79_0.95_4000.mid,A_Minor,79,0.95,4000,Nick Panek
Blues_A_Minor_79_0.95_8000.mid,A_Minor,79,0.95,8000,Nick Panek
Blues_A_Minor_81_0.4_2000.mid,A_Minor,81,0.4,2000,Nick Panek
Blues_A_Minor_81_0.4_4000.mid,A_Minor,81,0.4,4000,Nick Panek
Blues_A_Minor_81_0.4_8000.mid,A_Minor,81,0.4,8000,Nick Panek
Blues_A_Minor_81_0.7_2000.mid,A_Minor,81,0.7,2000,Nick Panek
Blues_A_Minor_81_0.7_4000.mid,A_Minor,81,0.7,4000,Nick Panek
Blues_A_Minor_81_0.7_8000.mid,A_Minor,81,0.7,8000,Nick Panek
Blues_A_Minor_81_0.95_2000.mid,A_Minor,81,0.95,2000,Nick Panek
Blues_A_Minor_81_0.95_4000.mid,A_Minor,81,0.95,4000,Nick Panek
Blues_A_Minor_81_0.95_8000.mid,A_Minor,81,0.95,8000,Nick Panek
Blues_A_Minor_83_0.4_2000.mid,A_Minor,83,0.4,2000,Nick Panek
Blues_A_Minor_83_0.4_4000.mid,A_Minor,83,0.4,4000,Nick Panek
Blues_A_Minor_83_0.4_8000.mid,A_Minor,83,0.4,8000,Nick Panek
Blues_A_Minor_83_0.7_2000.mid,A_Minor,83,0.7,2000,Nick Panek
Blues_A_Minor_83_0.7_4000.mid,A_Minor,83,0.7,4000,Nick Panek
Blues_A_Minor_83_0.7_8000.mid,A_Minor,83,0.7,8000,Nick Panek
Blues_A_Minor_83_0.95_2000.mid,A_Minor,83,0.95,2000,Nick Panek
Blues_A_Minor_83_0.95_4000.mid,A_Minor,83,0.95,4000,Nick Panek
Blues_A_Minor_83_0.95_8000.mid,A_Minor,83,0.95,8000,Nick Panek
Blues_A_Minor_85_0.4_2000.mid,A_Minor,85,0.4,2000,Nick Panek
Blues_A_Minor_85_0.4_4000.mid,A_Minor,85,0.4,4000,Nick Panek
Blues_A_Minor_85_0.4_8000.mid,A_Minor,85,0.4,8000,Nick Panek
Blues_A_Minor_85_0.7_2000.mid,A_Minor,85,0.7,2000,Nick Panek
Blues_A_Minor_85_0.7_4000.mid,A_Minor,85,0.7,4000,Nick Panek
Blues_A_Minor_85_0.7_8000.mid,A_Minor,85,0.7,8000,Nick Panek
Blues_A_Minor_85_0.95_2000.mid,A_Minor,85,0.95,2000,Nick Panek
Blues_A_Minor_85_0.95_4000.mid,A_Minor,85,0.95,4000,Nick Panek
Blues_A_Minor_85_0.95_8000.mid,A_Minor,85,0.95,8000,Nick Panek
Blues_D_Minor_65_0.4_2000.mid,D_Minor,65,0.4,2000,Nick Panek
Blues_D_Minor_65_0.4_4000.mid,D_Minor,65,0.4,4000,Nick Panek
Blues_D_Minor_65_0.4_8000.mid,D_Minor,65,0.4,8000,Nick Panek
Blues_D_Minor_65_0.7_2000.mid,D_Minor,65,0.7,2000,Nick Panek
Blues_D_Minor_65_0.7_4000.mid,D_Minor,65,0.7,4000,Nick Panek
Blues_D_Minor_65_0.7_8000.mid,D_Minor,65,0.7,8000,Nick Panek
Blues_D_Minor_65_0.95_2000.mid,D_Minor,65,0.95,2000,Nick Panek
Blues_D_Minor_65_0.95_4000.mid,D_Minor,65,0.95,4000,Nick Panek
Blues_D_Minor_65_0.95_8000.mid,D_Minor,65,0.95,8000,Nick Panek
Blues_D_Minor_67_0.4_2000.mid,D_Minor,67,0.4,2000,Nick Panek
Blues_D_Minor_67_0.4_4000.mid,D_Minor,67,0.4,4000,Nick Panek
Blues_D_Minor_67_0.4_8000.mid,D_Minor,67,0.4,8000,Nick Panek
Blues_D_Minor_67_0.7_2000.mid,D_Minor,67,0.7,2000,Nick Panek
Blues_D_Minor_67_0.7_4000.mid,D_Minor,67,0.7,4000,Nick Panek
Blues_D_Minor_67_0.7_8000.mid,D_Minor,67,0.7,8000,Nick Panek
Blues_D_Minor_67_0.95_2000.mid,D_Minor,67,0.95,2000,Nick Panek
Blues_D_Minor_67_0.95_4000.mid,D_Minor,67,0.95,4000,Nick Panek
Blues_D_Minor_67_0.95_8000.mid,D_Minor,67,0.95,8000,Nick Panek
Blues_D_Minor_69_0.4_2000.mid,D_Minor,69,0.4,2000,Nick Panek
Blues_D_Minor_69_0.4_4000.mid,D_Minor,69,0.4,4000,Nick Panek
Blues_D_Minor_69_0.4_8000.mid,D_Minor,69,0.4,8000,Nick Panek
Blues_D_Minor_69_0.7_2000.mid,D_Minor,69,0.7,2000,Nick Panek
Blues_D_Minor_69_0.7_4000.mid,D_Minor,69,0.7,4000,Nick Panek
Blues_D_Minor_69_0.7_8000.mid,D_Minor,69,0.7,8000,Nick Panek
Blues_D_Minor_69_0.95_2000.mid,D_Minor,69,0.95,2000,Nick Panek
Blues_D_Minor_69_0.95_4000.mid,D_Minor,69,0.95,4000,Nick Panek
Blues_D_Minor_69_0.95_8000.mid,D_Minor,69,0.95,8000,Nick Panek
Blues_D_Minor_71_0.4_2000.mid,D_Minor,71,0.4,2000,Nick Panek
Blues_D_Minor_71_0.4_4000.mid,D_Minor,71,0.4,4000,Nick Panek
Blues_D_Minor_71_0.4_8000.mid,D_Minor,71,0.4,8000,Nick Panek
Blues_D_Minor_71_0.7_2000.mid,D_Minor,71,0.7,2000,Nick Panek
Blues_D_Minor_71_0.7_4000.mid,D_Minor,71,0.7,4000,Nick Panek
Blues_D_Minor_71_0.7_8000.mid,D_Minor,71,0.7,8000,Nick Panek
Blues_D_Minor_71_0.95_2000.mid,D_Minor,71,0.95,2000,Nick Panek
Blues_D_Minor_71_0.95_4000.mid,D_Minor,71,0.95,4000,Nick Panek
Blues_D_Minor_71_0.95_8000.mid,D_Minor,71,0.95,8000,Nick Panek
Blues_D_Minor_73_0.4_2000.mid,D_Minor,73,0.4,2000,Nick Panek
Blues_D_Minor_73_0.4_4000.mid,D_Minor,73,0.4,4000,Nick Panek
Blues_D_Minor_73_0.4_8000.mid,D_Minor,73,0.4,8000,Nick Panek
Blues_D_Minor_73_0.7_2000.mid,D_Minor,73,0.7,2000,Nick Panek
Blues_D_Minor_73_0.7_4000.mid,D_Minor,73,0.7,4000,Nick Panek
Blues_D_Minor_73_0.7_8000.mid,D_Minor,73,0.7,8000,Nick Panek
Blues_D_Minor_73_0.95_2000.mid,D_Minor,73,0.95,2000,Nick Panek
Blues_D_Minor_73_0.95_4000.mid,D_Minor,73,0.95,4000,Nick Panek
Blues_D_Minor_73_0.95_8000.mid,D_Minor,73,0.95,8000,Nick Panek
Blues_D_Minor_75_0.4_2000.mid,D_Minor,75,0.4,2000,Nick Panek
Blues_D_Minor_75_0.4_4000.mid,D_Minor,75,0.4,4000,Nick Panek
Blues_D_Minor_75_0.4_8000.mid,D_Minor,75,0.4,8000,Nick Panek
Blues_D_Minor_75_0.7_2000.mid,D_Minor,75,0.7,2000,Nick Panek
Blues_D_Minor_75_0.7_4000.mid,D_Minor,75,0.7,4000,Nick Panek
Blues_D_Minor_75_0.7_8000.mid,D_Minor,75,0.7,8000,Nick Panek
Blues_D_Minor_75_0.95_2000.mid,D_Minor,75,0.95,2000,Nick Panek
Blues_D_Minor_75_0.95_4000.mid,D_Minor,75,0.95,4000,Nick Panek
Blues_D_Minor_75_0.95_8000.mid,D_Minor,75,0.95,8000,Nick Panek
Blues_D_Minor_77_0.4_2000.mid,D_Minor,77,0.4,2000,Nick Panek
Blues_D_Minor_77_0.4_4000.mid,D_Minor,77,0.4,4000,Nick Panek
Blues_D_Minor_77_0.4_8000.mid,D_Minor,77,0.4,8000,Nick Panek
Blues_D_Minor_77_0.7_2000.mid,D_Minor,77,0.7,2000,Nick Panek
Blues_D_Minor_77_0.7_4000.mid,D_Minor,77,0.7,4000,Nick Panek
Blues_D_Minor_77_0.7_8000.mid,D_Minor,77,0.7,8000,Nick Panek
Blues_D_Minor_77_0.95_2000.mid,D_Minor,77,0.95,2000,Nick Panek
Blues_D_Minor_77_0.95_4000.mid,D_Minor,77,0.95,4000,Nick Panek
Blues_D_Minor_77_0.95_8000.mid,D_Minor,77,0.95,8000,Nick Panek
Blues_D_Minor_79_0.4_2000.mid,D_Minor,79,0.4,2000,Nick Panek
Blues_D_Minor_79_0.4_4000.mid,D_Minor,79,0.4,4000,Nick Panek
Blues_D_Minor_79_0.4_8000.mid,D_Minor,79,0.4,8000,Nick Panek
Blues_D_Minor_79_0.7_2000.mid,D_Minor,79,0.7,2000,Nick Panek
Blues_D_Minor_79_0.7_4000.mid,D_Minor,79,0.7,4000,Nick Panek
Blues_D_Minor_79_0.7_8000.mid,D_Minor,79,0.7,8000,Nick Panek
Blues_D_Minor_79_0.95_2000.mid,D_Minor,79,0.95,2000,Nick Panek
Blues_D_Minor_79_0.95_4000.mid,D_Minor,79,0.95,4000,Nick Panek
Blues_D_Minor_79_0.95_8000.mid,D_Minor,79,0.95,8000,Nick Panek
Blues_D_Minor_81_0.4_2000.mid,D_Minor,81,0.4,2000,Nick Panek
Blues_D_Minor_81_0.4_4000.mid,D_Minor,81,0.4,4000,Nick Panek
Blues_D_Minor_81_0.4_8000.mid,D_Minor,81,0.4,8000,Nick Panek
Blues_D_Minor_81_0.7_2000.mid,D_Minor,81,0.7,2000,Nick Panek
Blues_D_Minor_81_0.7_4000.mid,D_Minor,81,0.7,4000,Nick Panek
Blues_D_Minor_81_0.7_8000.mid,D_Minor,81,0.7,8000,Nick Panek
Blues_D_Minor_81_0.95_2000.mid,D_Minor,81,0.95,2000,Nick Panek
Blues_D_Minor_81_0.95_4000.mid,D_Minor,81,0.95,4000,Nick Panek
Blues_D_Minor_81_0.95_8000.mid,D_Minor,81,0.95,8000,Nick Panek
Blues_D_Minor_83_0.4_2000.mid,D_Minor,83,0.4,2000,Nick Panek
Blues_D_Minor_83_0.4_4000.mid,D_Minor,83,0.4,4000,Nick Panek
Blues_D_Minor_83_0.4_8000.mid,D_Minor,83,0.4,8000,Nick Panek
Blues_D_Minor_83_0.7_2000.mid,D_Minor,83,0.7,2000,Nick Panek
Blues_D_Minor_83_0.7_4000.mid,D_Minor,83,0.7,4000,Nick Panek
Blues_D_Minor_83_0.7_8000.mid,D_Minor,83,0.7,8000,Nick Panek
Blues_D_Minor_83_0.95_2000.mid,D_Minor,83,0.95,2000,Nick Panek
Blues_D_Minor_83_0.95_4000.mid,D_Minor,83,0.95,4000,Nick Panek
Blues_D_Minor_83_0.95_8000.mid,D_Minor,83,0.95,8000,Nick Panek
Blues_D_Minor_85_0.4_2000.mid,D_Minor,85,0.4,2000,Nick Panek
Blues_D_Minor_85_0.4_4000.mid,D_Minor,85,0.4,4000,Nick Panek
Blues_D_Minor_85_0.4_8000.mid,D_Minor,85,0.4,8000,Nick Panek
Blues_D_Minor_85_0.7_2000.mid,D_Minor,85,0.7,2000,Nick Panek
Blues_D_Minor_85_0.7_4000.mid,D_Minor,85,0.7,4000,Nick Panek
Blues_D_Minor_85_0.7_8000.mid,D_Minor,85,0.7,8000,Nick Panek
Blues_D_Minor_85_0.95_2000.mid,D_Minor,85,0.95,2000,Nick Panek
Blues_D_Minor_85_0.95_4000.mid,D_Minor,85,0.95,4000,Nick Panek
Blues_D_Minor_85_0.95_8000.mid,D_Minor,85,0.95,8000,Nick Panek
Blues_B_Minor_65_0.4_2000.mid,B_Minor,65,0.4,2000,Nick Panek
Blues_B_Minor_65_0.4_4000.mid,B_Minor,65,0.4,4000,Nick Panek
Blues_B_Minor_65_0.4_8000.mid,B_Minor,65,0.4,8000,Nick Panek
Blues_B_Minor_65_0.7_2000.mid,B_Minor,65,0.7,2000,Nick Panek
Blues_B_Minor_65_0.7_4000.mid,B_Minor,65,0.7,4000,Nick Panek
Blues_B_Minor_65_0.7_8000.mid,B_Minor,65,0.7,8000,Nick Panek
Blues_B_Minor_65_0.95_2000.mid,B_Minor,65,0.95,2000,Nick Panek
Blues_B_Minor_65_0.95_4000.mid,B_Minor,65,0.95,4000,Nick Panek
Blues_B_Minor_65_0.95_8000.mid,B_Minor,65,0.95,8000,Nick Panek
Blues_B_Minor_67_0.4_2000.mid,B_Minor,67,0.4,2000,Nick Panek
Blues_B_Minor_67_0.4_4000.mid,B_Minor,67,0.4,4000,Nick Panek
Blues_B_Minor_67_0.4_8000.mid,B_Minor,67,0.4,8000,Nick Panek
Blues_B_Minor_67_0.7_2000.mid,B_Minor,67,0.7,2000,Nick Panek
Blues_B_Minor_67_0.7_4000.mid,B_Minor,67,0.7,4000,Nick Panek
Blues_B_Minor_67_0.7_8000.mid,B_Minor,67,0.7,8000,Nick Panek
Blues_B_Minor_67_0.95_2000.mid,B_Minor,67,0.95,2000,Nick Panek
Blues_B_Minor_67_0.95_4000.mid,B_Minor,67,0.95,4000,Nick Panek
Blues_B_Minor_67_0.95_8000.mid,B_Minor,67,0.95,8000,Nick Panek
Blues_B_Minor_69_0.4_2000.mid,B_Minor,69,0.4,2000,Nick Panek
Blues_B_Minor_69_0.4_4000.mid,B_Minor,69,0.4,4000,Nick Panek
Blues_B_Minor_69_0.4_8000.mid,B_Minor,69,0.4,8000,Nick Panek
Blues_B_Minor_69_0.7_2000.mid,B_Minor,69,0.7,2000,Nick Panek
Blues_B_Minor_69_0.7_4000.mid,B_Minor,69,0.7,4000,Nick Panek
Blues_B_Minor_69_0.7_8000.mid,B_Minor,69,0.7,8000,Nick Panek
Blues_B_Minor_69_0.95_2000.mid,B_Minor,69,0.95,2000,Nick Panek
Blues_B_Minor_69_0.95_4000.mid,B_Minor,69,0.95,4000,Nick Panek
Blues_B_Minor_69_0.95_8000.mid,B_Minor,69,0.95,8000,Nick Panek
Blues_B_Minor_71_0.4_2000.mid,B_Minor,71,0.4,2000,Nick Panek
Blues_B_Minor_71_0.4_4000.mid,B_Minor,71,0.4,4000,Nick Panek
Blues_B_Minor_71_0.4_8000.mid,B_Minor,71,0.4,8000,Nick Panek
Blues_B_Minor_71_0.7_2000.mid,B_Minor,71,0.7,2000,Nick Panek
Blues_B_Minor_71_0.7_4000.mid,B_Minor,71,0.7,4000,Nick Panek
Blues_B_Minor_71_0.7_8000.mid,B_Minor,71,0.7,8000,Nick Panek
Blues_B_Minor_71_0.95_2000.mid,B_Minor,71,0.95,2000,Nick Panek
Blues_B_Minor_71_0.95_4000.mid,B_Minor,71,0.95,4000,Nick Panek
Blues_B_Minor_71_0.95_8000.mid,B_Minor,71,0.95,8000,Nick Panek
Blues_B_Minor_73_0.4_2000.mid,B_Minor,73,0.4,2000,Nick Panek
Blues_B_Minor_73_0.4_4000.mid,B_Minor,73,0.4,4000,Nick Panek
Blues_B_Minor_73_0.4_8000.mid,B_Minor,73,0.4,8000,Nick Panek
Blues_B_Minor_73_0.7_2000.mid,B_Minor,73,0.7,2000,Nick Panek
Blues_B_Minor_73_0.7_4000.mid,B_Minor,73,0.7,4000,Nick Panek
Blues_B_Minor_73_0.7_8000.mid,B_Minor,73,0.7,8000,Nick Panek
Blues_B_Minor_73_0.95_2000.mid,B_Minor,73,0.95,2000,Nick Panek
Blues_B_Minor_73_0.95_4000.mid,B_Minor,73,0.95,4000,Nick Panek
Blues_B_Minor_73_0.95_8000.mid,B_Minor,73,0.95,8000,Nick Panek
Blues_B_Minor_75_0.4_2000.mid,B_Minor,75,0.4,2000,Nick Panek
Blues_B_Minor_75_0.4_4000.mid,B_Minor,75,0.4,4000,Nick Panek
Blues_B_Minor_75_0.4_8000.mid,B_Minor,75,0.4,8000,Nick Panek
Blues_B_Minor_75_0.7_2000.mid,B_Minor,75,0.7,2000,Nick Panek
Blues_B_Minor_75_0.7_4000.mid,B_Minor,75,0.7,4000,Nick Panek
Blues_B_Minor_75_0.7_8000.mid,B_Minor,75,0.7,8000,Nick Panek
Blues_B_Minor_75_0.95_2000.mid,B_Minor,75,0.95,2000,Nick Panek
Blues_B_Minor_75_0.95_4000.mid,B_Minor,75,0.95,4000,Nick Panek
Blues_B_Minor_75_0.95_8000.mid,B_Minor,75,0.95,8000,Nick Panek
Blues_B_Minor_77_0.4_2000.mid,B_Minor,77,0.4,2000,Nick Panek
Blues_B_Minor_77_0.4_4000.mid,B_Minor,77,0.4,4000,Nick Panek
Blues_B_Minor_77_0.4_8000.mid,B_Minor,77,0.4,8000,Nick Panek
Blues_B_Minor_77_0.7_2000.mid,B_Minor,77,0.7,2000,Nick Panek
Blues_B_Minor_77_0.7_4000.mid,B_Minor,77,0.7,4000,Nick Panek
Blues_B_Minor_77_0.7_8000.mid,B_Minor,77,0.7,8000,Nick Panek
Blues_B_Minor_77_0.95_2000.mid,B_Minor,77,0.95,2000,Nick Panek
Blues_B_Minor_77_0.95_4000.mid,B_Minor,77,0.95,4000,Nick Panek
Blues_B_Minor_77_0.95_8000.mid,B_Minor,77,0.95,8000,Nick Panek
Blues_B_Minor_79_0.4_2000.mid,B_Minor,79,0.4,2000,Nick Panek
Blues_B_Minor_79_0.4_4000.mid,B_Minor,79,0.4,4000,Nick Panek
Blues_B_Minor_79_0.4_8000.mid,B_Minor,79,0.4,8000,Nick Panek
Blues_B_Minor_79_0.7_2000.mid,B_Minor,79,0.7,2000,Nick Panek
Blues_B_Minor_79_0.7_4000.mid,B_Minor,79,0.7,4000,Nick Panek
Blues_B_Minor_79_0.7_8000.mid,B_Minor,79,0.7,8000,Nick Panek
Blues_B_Minor_79_0.95_2000.mid,B_Minor,79,0.95,2000,Nick Panek
Blues_B_Minor_79_0.95_4000.mid,B_Minor,79,0.95,4000,Nick Panek
Blues_B_Minor_79_0.95_8000.mid,B_Minor,79,0.95,8000,Nick Panek
Blues_B_Minor_81_0.4_2000.mid,B_Minor,81,0.4,2000,Nick Panek
Blues_B_Minor_81_0.4_4000.mid,B_Minor,81,0.4,4000,Nick Panek
Blues_B_Minor_81_0.4_8000.mid,B_Minor,81,0.4,8000,Nick Panek
Blues_B_Minor_81_0.7_2000.mid,B_Minor,81,0.7,2000,Nick Panek
Blues_B_Minor_81_0.7_4000.mid,B_Minor,81,0.7,4000,Nick Panek
Blues_B_Minor_81_0.7_8000.mid,B_Minor,81,0.7,8000,Nick Panek
Blues_B_Minor_81_0.95_2000.mid,B_Minor,81,0.95,2000,Nick Panek
Blues_B_Minor_81_0.95_4000.mid,B_Minor,81,0.95,4000,Nick Panek
Blues_B_Minor_81_0.95_8000.mid,B_Minor,81,0.95,8000,Nick Panek
Blues_B_Minor_83_0.4_2000.mid,B_Minor,83,0.4,2000,Nick Panek
Blues_B_Minor_83_0.4_4000.mid,B_Minor,83,0.4,4000,Nick Panek
Blues_B_Minor_83_0.4_8000.mid,B_Minor,83,0.4,8000,Nick Panek
Blues_B_Minor_83_0.7_2000.mid,B_Minor,83,0.7,2000,Nick Panek
Blues_B_Minor_83_0.7_4000.mid,B_Minor,83,0.7,4000,Nick Panek
Blues_B_Minor_83_0.7_8000.mid,B_Minor,83,0.7,8000,Nick Panek
Blues_B_Minor_83_0.95_2000.mid,B_Minor,83,0.95,2000,Nick Panek
Blues_B_Minor_83_0.95_4000.mid,B_Minor,83,0.95,4000,Nick Panek
Blues_B_Minor_83_0.95_8000.mid,B_Minor,83,0.95,8000,Nick Panek
Blues_B_Minor_85_0.4_2000.mid,B_Minor,85,0.4,2000,Nick Panek
Blues_B_Minor_85_0.4_4000.mid,B_Minor,85,0.4,4000,Nick Panek
Blues_B_Minor_85_0.4_8000.mid,B_Minor,85,0.4,8000,Nick Panek
Blues_B_Minor_85_0.7_2000.mid,B_Minor,85,0.7,2000,Nick Panek
Blues_B_Minor_85_0.7_4000.mid,B_Minor,85,0.7,4000,Nick Panek
Blues_B_Minor_85_0.7_8000.mid,B_Minor,85,0.7,8000,Nick Panek
Blues_B_Minor_85_0.95_2000.mid,B_Minor,85,0.95,2000,Nick Panek
Blues_B_Minor_85_0.95_4000.mid,B_Minor,85,0.95,4000,Nick Panek
Blues_B_Minor_85_0.95_8000.mid,B_Minor,85,0.95,8000,Nick Panek
